{
  "0.01": 1.2917991424487543,
  "0.05": 3.373223308942057,
  "0.1": 4.671624943930095,
  "0.25": 8.138817447152887,
  "0.5": 11.35282204452663
}